{
  "MRN12345": [
    {
      "filename": "prescription_1.docx",
      "original_name": "prescription.docx",
      "upload_time": "2025-07-19T18:08:09.518647",
      "file_size": 64000,
      "file_type": "Document"
    },
    {
      "filename": "ecg_results_2.xlsx",
      "original_name": "ecg_results.xlsx",
      "upload_time": "2025-07-28T18:08:09.518744",
      "file_size": 384000,
      "file_type": "Spreadsheet"
    }
  ],
  "MRN67890": [
    {
      "filename": "xray_scan_1.dcm",
      "original_name": "xray_scan.dcm",
      "upload_time": "2025-07-30T18:08:09.518772",
      "file_size": 2048000,
      "file_type": "DICOM"
    },
    {
      "filename": "xray_scan_2.dcm",
      "original_name": "xray_scan.dcm",
      "upload_time": "2025-07-23T18:08:09.518786",
      "file_size": 2048000,
      "file_type": "DICOM"
    },
    {
      "filename": "discharge_summary_3.pdf",
      "original_name": "discharge_summary.pdf",
      "upload_time": "2025-07-12T18:08:09.518799",
      "file_size": 1536000,
      "file_type": "PDF"
    },
    {
      "filename": "ct_scan_4.dcm",
      "original_name": "ct_scan.dcm",
      "upload_time": "2025-08-03T18:08:09.518811",
      "file_size": 4096000,
      "file_type": "DICOM"
    },
    {
      "filename": "ct_scan_5.dcm",
      "original_name": "ct_scan.dcm",
      "upload_time": "2025-07-20T18:08:09.518823",
      "file_size": 4096000,
      "file_type": "DICOM"
    }
  ],
  "MRN11111": [
    {
      "filename": "blood_work_1.pdf",
      "original_name": "blood_work.pdf",
      "upload_time": "2025-07-28T18:08:09.518840",
      "file_size": 768000,
      "file_type": "PDF"
    },
    {
      "filename": "patient_photo_2.jpg",
      "original_name": "patient_photo.jpg",
      "upload_time": "2025-08-02T18:08:09.518852",
      "file_size": 128000,
      "file_type": "Image"
    },
    {
      "filename": "ecg_results_3.xlsx",
      "original_name": "ecg_results.xlsx",
      "upload_time": "2025-07-18T18:08:09.518864",
      "file_size": 384000,
      "file_type": "Spreadsheet"
    }
  ],
  "MRN22222": [
    {
      "filename": "lab_results_1.xlsx",
      "original_name": "lab_results.xlsx",
      "upload_time": "2025-07-08T18:08:09.518877",
      "file_size": 512000,
      "file_type": "Spreadsheet"
    },
    {
      "filename": "ct_scan_2.dcm",
      "original_name": "ct_scan.dcm",
      "upload_time": "2025-07-28T18:08:09.518890",
      "file_size": 4096000,
      "file_type": "DICOM"
    },
    {
      "filename": "ecg_results_3.xlsx",
      "original_name": "ecg_results.xlsx",
      "upload_time": "2025-07-06T18:08:09.518902",
      "file_size": 384000,
      "file_type": "Spreadsheet"
    },
    {
      "filename": "xray_scan_4.dcm",
      "original_name": "xray_scan.dcm",
      "upload_time": "2025-07-19T18:08:09.518913",
      "file_size": 2048000,
      "file_type": "DICOM"
    }
  ],
  "MRN33333": [
    {
      "filename": "discharge_summary_1.pdf",
      "original_name": "discharge_summary.pdf",
      "upload_time": "2025-07-08T18:08:09.518927",
      "file_size": 1536000,
      "file_type": "PDF"
    },
    {
      "filename": "lab_results_2.xlsx",
      "original_name": "lab_results.xlsx",
      "upload_time": "2025-07-26T18:08:09.518937",
      "file_size": 512000,
      "file_type": "Spreadsheet"
    }
  ],
  "MRN44444": [
    {
      "filename": "patient_report_1.pdf",
      "original_name": "patient_report.pdf",
      "upload_time": "2025-08-01T18:08:09.518950",
      "file_size": 1024000,
      "file_type": "PDF"
    },
    {
      "filename": "blood_work_2.pdf",
      "original_name": "blood_work.pdf",
      "upload_time": "2025-07-21T18:08:09.518961",
      "file_size": 768000,
      "file_type": "PDF"
    },
    {
      "filename": "discharge_summary_3.pdf",
      "original_name": "discharge_summary.pdf",
      "upload_time": "2025-07-09T18:08:09.518971",
      "file_size": 1536000,
      "file_type": "PDF"
    },
    {
      "filename": "medical_notes_4.docx",
      "original_name": "medical_notes.docx",
      "upload_time": "2025-07-08T18:08:09.518983",
      "file_size": 256000,
      "file_type": "Document"
    },
    {
      "filename": "prescription_5.docx",
      "original_name": "prescription.docx",
      "upload_time": "2025-08-01T18:08:09.518994",
      "file_size": 64000,
      "file_type": "Document"
    }
  ],
  "MRN55555": [
    {
      "filename": "patient_report_1.pdf",
      "original_name": "patient_report.pdf",
      "upload_time": "2025-07-09T18:08:09.519010",
      "file_size": 1024000,
      "file_type": "PDF"
    },
    {
      "filename": "xray_scan_2.dcm",
      "original_name": "xray_scan.dcm",
      "upload_time": "2025-07-21T18:08:09.519021",
      "file_size": 2048000,
      "file_type": "DICOM"
    }
  ],
  "MRN66666": [
    {
      "filename": "xray_scan_1.dcm",
      "original_name": "xray_scan.dcm",
      "upload_time": "2025-08-01T18:08:09.519038",
      "file_size": 2048000,
      "file_type": "DICOM"
    }
  ],
  "MRN77777": [
    {
      "filename": "ecg_results_1.xlsx",
      "original_name": "ecg_results.xlsx",
      "upload_time": "2025-08-01T18:08:09.519052",
      "file_size": 384000,
      "file_type": "Spreadsheet"
    },
    {
      "filename": "discharge_summary_2.pdf",
      "original_name": "discharge_summary.pdf",
      "upload_time": "2025-07-14T18:08:09.519063",
      "file_size": 1536000,
      "file_type": "PDF"
    },
    {
      "filename": "prescription_3.docx",
      "original_name": "prescription.docx",
      "upload_time": "2025-08-03T18:08:09.519075",
      "file_size": 64000,
      "file_type": "Document"
    }
  ],
  "MRN88888": [
    {
      "filename": "xray_scan_1.dcm",
      "original_name": "xray_scan.dcm",
      "upload_time": "2025-08-01T18:08:09.519090",
      "file_size": 2048000,
      "file_type": "DICOM"
    },
    {
      "filename": "ecg_results_2.xlsx",
      "original_name": "ecg_results.xlsx",
      "upload_time": "2025-07-31T18:08:09.519449",
      "file_size": 384000,
      "file_type": "Spreadsheet"
    },
    {
      "filename": "patient_report_3.pdf",
      "original_name": "patient_report.pdf",
      "upload_time": "2025-07-17T18:08:09.519471",
      "file_size": 1024000,
      "file_type": "PDF"
    }
  ],
  "MRN1001": [
    {
      "filename": "0003.DCM",
      "original_name": "0003.DCM",
      "upload_time": "2025-08-03T18:10:14.922280",
      "file_size": 577536,
      "file_type": "DICOM"
    }
  ],
  "MRN002": [
    {
      "filename": "image-00000.dcm",
      "original_name": "image-00000.dcm",
      "upload_time": "2025-08-04T00:42:36.519854",
      "file_size": 2835862,
      "file_type": "DICOM"
    },
    {
      "filename": "image-00001.dcm",
      "original_name": "image-00001.dcm",
      "upload_time": "2025-08-04T00:42:37.614981",
      "file_size": 2835864,
      "file_type": "DICOM"
    }
  ]
}